{"cameraMode":{"drawMode":0,"name":"Shaded","section":"Shading Mode"},"sceneLighting":true,"audioPlay":false,"sceneViewState":{"m_AlwaysRefresh":false,"showFog":true,"showSkybox":true,"showFlares":true,"showImageEffects":true,"showParticleSystems":true,"showVisualEffectGraphs":true,"m_FxEnabled":true},"in2DMode":false,"pivot":{"x":2.1946516036987306,"y":2.202263355255127,"z":2.6048660278320314},"rotation":{"x":0.25613340735435488,"y":0.18450964987277986,"z":-0.049878593534231189,"w":0.9475618004798889},"size":4.9344282150268559,"orthographic":true}